job_id,protein,protein_label,protein_group,ligand,ligand_label,ligand_field,assembly,ha_chains,ligand_copies,monomer_length,total_polymer_residues,config,sampling_steps,diffusion_samples,max_parallel_samples,recycling_steps,sampling_steps_affinity,diffusion_samples_affinity,sample_rank,status,msa_depth,msa_raw_depth,msa_csv,confidence_score,complex_plddt,ptm,iptm,ligand_iptm,protein_iptm,complex_iplddt,complex_pde,complex_ipde,affinity_pred_value,affinity_probability_binary,affinity_pred_value1,affinity_probability_binary1,affinity_pred_value2,affinity_probability_binary2,structure_path,confidence_json,affinity_json,note
duck_bavaria_h1_sia_ha_trimer_affinity,duck_bavaria_h1,A/duck/Bavaria/1/77,H1,sia,SIA,ccd,HA trimer + 1 affinity ligand,3,1,502,1506,ha_trimer_1lig_aff_s10_n1_p1_r0_as200_an5,10,1,1,0,200,5,0,ok,1227,1234,flu_trimer_single_ligand_affinity/runs/ha_trimer_1lig_aff_s10_n1_p1_r0_as200_an5/duck_bavaria_h1_sia_ha_trimer_affinity/boltz_results_duck_bavaria_h1_sia_ha_trimer_affinity/msa/duck_bavaria_h1_sia_ha_trimer_affinity_0.csv,0.446077823638916,0.4543640911579132,0.4504806697368622,0.41293275356292725,0.43957239389419556,0.41509297490119934,0.4304240643978119,3.1499972343444824,9.539990425109863,-0.039714545011520386,0.371628075838089,0.18802320957183838,0.31288886070251465,-0.26745229959487915,0.43036729097366333,flu_trimer_single_ligand_affinity/runs/ha_trimer_1lig_aff_s10_n1_p1_r0_as200_an5/duck_bavaria_h1_sia_ha_trimer_affinity/boltz_results_duck_bavaria_h1_sia_ha_trimer_affinity/predictions/duck_bavaria_h1_sia_ha_trimer_affinity/duck_bavaria_h1_sia_ha_trimer_affinity_model_0.cif,flu_trimer_single_ligand_affinity/runs/ha_trimer_1lig_aff_s10_n1_p1_r0_as200_an5/duck_bavaria_h1_sia_ha_trimer_affinity/boltz_results_duck_bavaria_h1_sia_ha_trimer_affinity/predictions/duck_bavaria_h1_sia_ha_trimer_affinity/confidence_duck_bavaria_h1_sia_ha_trimer_affinity_model_0.json,flu_trimer_single_ligand_affinity/runs/ha_trimer_1lig_aff_s10_n1_p1_r0_as200_an5/duck_bavaria_h1_sia_ha_trimer_affinity/boltz_results_duck_bavaria_h1_sia_ha_trimer_affinity/predictions/duck_bavaria_h1_sia_ha_trimer_affinity/affinity_duck_bavaria_h1_sia_ha_trimer_affinity.json,
duck_bavaria_h1_ngc_ha_trimer_affinity,duck_bavaria_h1,A/duck/Bavaria/1/77,H1,ngc,NGC,ccd,HA trimer + 1 affinity ligand,3,1,502,1506,ha_trimer_1lig_aff_s10_n1_p1_r0_as200_an5,10,1,1,0,200,5,0,ok,1227,1234,flu_trimer_single_ligand_affinity/runs/ha_trimer_1lig_aff_s10_n1_p1_r0_as200_an5/duck_bavaria_h1_ngc_ha_trimer_affinity/boltz_results_duck_bavaria_h1_ngc_ha_trimer_affinity/msa/duck_bavaria_h1_ngc_ha_trimer_affinity_0.csv,0.4452831745147705,0.4620915353298187,0.4146593511104584,0.37804973125457764,0.42912325263023376,0.37781432271003723,0.43079036474227905,3.181209087371826,10.218951225280762,1.2713921070098877,0.41426557302474976,1.5426634550094604,0.43560928106307983,1.000120759010315,0.3929218351840973,flu_trimer_single_ligand_affinity/runs/ha_trimer_1lig_aff_s10_n1_p1_r0_as200_an5/duck_bavaria_h1_ngc_ha_trimer_affinity/boltz_results_duck_bavaria_h1_ngc_ha_trimer_affinity/predictions/duck_bavaria_h1_ngc_ha_trimer_affinity/duck_bavaria_h1_ngc_ha_trimer_affinity_model_0.cif,flu_trimer_single_ligand_affinity/runs/ha_trimer_1lig_aff_s10_n1_p1_r0_as200_an5/duck_bavaria_h1_ngc_ha_trimer_affinity/boltz_results_duck_bavaria_h1_ngc_ha_trimer_affinity/predictions/duck_bavaria_h1_ngc_ha_trimer_affinity/confidence_duck_bavaria_h1_ngc_ha_trimer_affinity_model_0.json,flu_trimer_single_ligand_affinity/runs/ha_trimer_1lig_aff_s10_n1_p1_r0_as200_an5/duck_bavaria_h1_ngc_ha_trimer_affinity/boltz_results_duck_bavaria_h1_ngc_ha_trimer_affinity/predictions/duck_bavaria_h1_ngc_ha_trimer_affinity/affinity_duck_bavaria_h1_ngc_ha_trimer_affinity.json,
duck_bavaria_h1_a23_ha_trimer_affinity,duck_bavaria_h1,A/duck/Bavaria/1/77,H1,a23,alpha2-3 SIA glycan,smiles,HA trimer + 1 affinity ligand,3,1,502,1506,ha_trimer_1lig_aff_s40_n1_p1_r3_as200_an5,40,1,1,3,200,5,0,ok,1227,1234,flu_trimer_single_ligand_affinity/runs/ha_trimer_1lig_aff_s40_n1_p1_r3_as200_an5/duck_bavaria_h1_a23_ha_trimer_affinity/boltz_results_duck_bavaria_h1_a23_ha_trimer_affinity/msa/duck_bavaria_h1_a23_ha_trimer_affinity_0.csv,0.8989777565002441,0.9044530987739563,0.8880091309547424,0.8770762085914612,0.8453794121742249,0.8861006498336792,0.8680518865585327,0.6158401370048523,2.7913458347320557,1.3631173372268677,0.4721866250038147,1.7320960760116577,0.43441638350486755,0.9941385984420776,0.5099568963050842,flu_trimer_single_ligand_affinity/runs/ha_trimer_1lig_aff_s40_n1_p1_r3_as200_an5/duck_bavaria_h1_a23_ha_trimer_affinity/boltz_results_duck_bavaria_h1_a23_ha_trimer_affinity/predictions/duck_bavaria_h1_a23_ha_trimer_affinity/duck_bavaria_h1_a23_ha_trimer_affinity_model_0.cif,flu_trimer_single_ligand_affinity/runs/ha_trimer_1lig_aff_s40_n1_p1_r3_as200_an5/duck_bavaria_h1_a23_ha_trimer_affinity/boltz_results_duck_bavaria_h1_a23_ha_trimer_affinity/predictions/duck_bavaria_h1_a23_ha_trimer_affinity/confidence_duck_bavaria_h1_a23_ha_trimer_affinity_model_0.json,flu_trimer_single_ligand_affinity/runs/ha_trimer_1lig_aff_s40_n1_p1_r3_as200_an5/duck_bavaria_h1_a23_ha_trimer_affinity/boltz_results_duck_bavaria_h1_a23_ha_trimer_affinity/predictions/duck_bavaria_h1_a23_ha_trimer_affinity/affinity_duck_bavaria_h1_a23_ha_trimer_affinity.json,
duck_bavaria_h1_a26_ha_trimer_affinity,duck_bavaria_h1,A/duck/Bavaria/1/77,H1,a26,alpha2-6 SIA glycan,smiles,HA trimer + 1 affinity ligand,3,1,502,1506,ha_trimer_1lig_aff_s40_n1_p1_r3_as200_an5,40,1,1,3,200,5,,failed,,,,,,,,,,,,,,,,,,,,,,
duck_bavaria_h1_sia_ha_trimer_affinity,duck_bavaria_h1,A/duck/Bavaria/1/77,H1,sia,SIA,ccd,HA trimer + 1 affinity ligand,3,1,502,1506,ha_trimer_1lig_aff_s40_n1_p1_r3_as200_an5,40,1,1,3,200,5,,failed,1227,1234,flu_trimer_single_ligand_affinity/runs/ha_trimer_1lig_aff_s40_n1_p1_r3_as200_an5/duck_bavaria_h1_sia_ha_trimer_affinity/boltz_results_duck_bavaria_h1_sia_ha_trimer_affinity/msa/duck_bavaria_h1_sia_ha_trimer_affinity_0.csv,,,,,,,,,,,,,,,,,,,
duck_bavaria_h1_ngc_ha_trimer_affinity,duck_bavaria_h1,A/duck/Bavaria/1/77,H1,ngc,NGC,ccd,HA trimer + 1 affinity ligand,3,1,502,1506,ha_trimer_1lig_aff_s40_n1_p1_r3_as200_an5,40,1,1,3,200,5,,oom,1227,1234,flu_trimer_single_ligand_affinity/runs/ha_trimer_1lig_aff_s40_n1_p1_r3_as200_an5/duck_bavaria_h1_ngc_ha_trimer_affinity/boltz_results_duck_bavaria_h1_ngc_ha_trimer_affinity/msa/duck_bavaria_h1_ngc_ha_trimer_affinity_0.csv,,,,,,,,,,,,,,,,,,,
memphis_h1_a23_ha_trimer_affinity,memphis_h1,A/Memphis/7/1980,H1,a23,alpha2-3 SIA glycan,smiles,HA trimer + 1 affinity ligand,3,1,502,1506,ha_trimer_1lig_aff_s40_n1_p1_r3_as200_an5,40,1,1,3,200,5,,failed,,,,,,,,,,,,,,,,,,,,,,
memphis_h1_a26_ha_trimer_affinity,memphis_h1,A/Memphis/7/1980,H1,a26,alpha2-6 SIA glycan,smiles,HA trimer + 1 affinity ligand,3,1,502,1506,ha_trimer_1lig_aff_s40_n1_p1_r3_as200_an5,40,1,1,3,200,5,,failed,,,,,,,,,,,,,,,,,,,,,,
memphis_h1_sia_ha_trimer_affinity,memphis_h1,A/Memphis/7/1980,H1,sia,SIA,ccd,HA trimer + 1 affinity ligand,3,1,502,1506,ha_trimer_1lig_aff_s40_n1_p1_r3_as200_an5,40,1,1,3,200,5,0,ok,1224,1231,flu_trimer_single_ligand_affinity/runs/ha_trimer_1lig_aff_s40_n1_p1_r3_as200_an5/memphis_h1_sia_ha_trimer_affinity/boltz_results_memphis_h1_sia_ha_trimer_affinity/msa/memphis_h1_sia_ha_trimer_affinity_0.csv,0.911236584186554,0.9188668131828308,0.8899605870246887,0.8807156085968018,0.8868522047996521,0.883209228515625,0.9020054340362549,0.5867641568183899,2.435804605484009,0.9006979465484619,0.6518514156341553,1.5741485357284546,0.7835607528686523,0.22724740207195282,0.520142138004303,flu_trimer_single_ligand_affinity/runs/ha_trimer_1lig_aff_s40_n1_p1_r3_as200_an5/memphis_h1_sia_ha_trimer_affinity/boltz_results_memphis_h1_sia_ha_trimer_affinity/predictions/memphis_h1_sia_ha_trimer_affinity/memphis_h1_sia_ha_trimer_affinity_model_0.cif,flu_trimer_single_ligand_affinity/runs/ha_trimer_1lig_aff_s40_n1_p1_r3_as200_an5/memphis_h1_sia_ha_trimer_affinity/boltz_results_memphis_h1_sia_ha_trimer_affinity/predictions/memphis_h1_sia_ha_trimer_affinity/confidence_memphis_h1_sia_ha_trimer_affinity_model_0.json,flu_trimer_single_ligand_affinity/runs/ha_trimer_1lig_aff_s40_n1_p1_r3_as200_an5/memphis_h1_sia_ha_trimer_affinity/boltz_results_memphis_h1_sia_ha_trimer_affinity/predictions/memphis_h1_sia_ha_trimer_affinity/affinity_memphis_h1_sia_ha_trimer_affinity.json,
memphis_h1_ngc_ha_trimer_affinity,memphis_h1,A/Memphis/7/1980,H1,ngc,NGC,ccd,HA trimer + 1 affinity ligand,3,1,502,1506,ha_trimer_1lig_aff_s40_n1_p1_r3_as200_an5,40,1,1,3,200,5,0,ok,1224,1231,flu_trimer_single_ligand_affinity/runs/ha_trimer_1lig_aff_s40_n1_p1_r3_as200_an5/memphis_h1_ngc_ha_trimer_affinity/boltz_results_memphis_h1_ngc_ha_trimer_affinity/msa/memphis_h1_ngc_ha_trimer_affinity_0.csv,0.9140462875366211,0.9211210012435913,0.8951984643936157,0.8857471942901611,0.8659954071044922,0.888333261013031,0.9039102792739868,0.591169536113739,2.627143621444702,1.5779246091842651,0.5363764762878418,2.5118350982666016,0.6098718643188477,0.6440141201019287,0.46288108825683594,flu_trimer_single_ligand_affinity/runs/ha_trimer_1lig_aff_s40_n1_p1_r3_as200_an5/memphis_h1_ngc_ha_trimer_affinity/boltz_results_memphis_h1_ngc_ha_trimer_affinity/predictions/memphis_h1_ngc_ha_trimer_affinity/memphis_h1_ngc_ha_trimer_affinity_model_0.cif,flu_trimer_single_ligand_affinity/runs/ha_trimer_1lig_aff_s40_n1_p1_r3_as200_an5/memphis_h1_ngc_ha_trimer_affinity/boltz_results_memphis_h1_ngc_ha_trimer_affinity/predictions/memphis_h1_ngc_ha_trimer_affinity/confidence_memphis_h1_ngc_ha_trimer_affinity_model_0.json,flu_trimer_single_ligand_affinity/runs/ha_trimer_1lig_aff_s40_n1_p1_r3_as200_an5/memphis_h1_ngc_ha_trimer_affinity/boltz_results_memphis_h1_ngc_ha_trimer_affinity/predictions/memphis_h1_ngc_ha_trimer_affinity/affinity_memphis_h1_ngc_ha_trimer_affinity.json,
texas_h5_a23_ha_trimer_affinity,texas_h5,A/dairy_cow/Texas/24_009108-001/2024,H5,a23,alpha2-3 SIA glycan,smiles,HA trimer + 1 affinity ligand,3,1,495,1485,ha_trimer_1lig_aff_s40_n1_p1_r3_as200_an5,40,1,1,3,200,5,0,ok,1237,1244,flu_trimer_single_ligand_affinity/runs/ha_trimer_1lig_aff_s40_n1_p1_r3_as200_an5/texas_h5_a23_ha_trimer_affinity/boltz_results_texas_h5_a23_ha_trimer_affinity/msa/texas_h5_a23_ha_trimer_affinity_0.csv,0.9097265601158142,0.9193889498710632,0.8830564022064209,0.8710766434669495,0.8532067537307739,0.8801014423370361,0.8937886357307434,0.6052078008651733,2.578202962875366,1.2983884811401367,0.5255635976791382,1.6961257457733154,0.5484300851821899,0.9006511569023132,0.5026970505714417,flu_trimer_single_ligand_affinity/runs/ha_trimer_1lig_aff_s40_n1_p1_r3_as200_an5/texas_h5_a23_ha_trimer_affinity/boltz_results_texas_h5_a23_ha_trimer_affinity/predictions/texas_h5_a23_ha_trimer_affinity/texas_h5_a23_ha_trimer_affinity_model_0.cif,flu_trimer_single_ligand_affinity/runs/ha_trimer_1lig_aff_s40_n1_p1_r3_as200_an5/texas_h5_a23_ha_trimer_affinity/boltz_results_texas_h5_a23_ha_trimer_affinity/predictions/texas_h5_a23_ha_trimer_affinity/confidence_texas_h5_a23_ha_trimer_affinity_model_0.json,flu_trimer_single_ligand_affinity/runs/ha_trimer_1lig_aff_s40_n1_p1_r3_as200_an5/texas_h5_a23_ha_trimer_affinity/boltz_results_texas_h5_a23_ha_trimer_affinity/predictions/texas_h5_a23_ha_trimer_affinity/affinity_texas_h5_a23_ha_trimer_affinity.json,
texas_h5_a26_ha_trimer_affinity,texas_h5,A/dairy_cow/Texas/24_009108-001/2024,H5,a26,alpha2-6 SIA glycan,smiles,HA trimer + 1 affinity ligand,3,1,495,1485,ha_trimer_1lig_aff_s40_n1_p1_r3_as200_an5,40,1,1,3,200,5,0,ok,1237,1244,flu_trimer_single_ligand_affinity/runs/ha_trimer_1lig_aff_s40_n1_p1_r3_as200_an5/texas_h5_a26_ha_trimer_affinity/boltz_results_texas_h5_a26_ha_trimer_affinity/msa/texas_h5_a26_ha_trimer_affinity_0.csv,0.9108198285102844,0.9187644720077515,0.8901547193527222,0.8790413737297058,0.845278263092041,0.8868913650512695,0.8905252814292908,0.5982646942138672,2.4452552795410156,1.698058843612671,0.560402512550354,1.8293579816818237,0.6654923558235168,1.566759705543518,0.4553126394748688,flu_trimer_single_ligand_affinity/runs/ha_trimer_1lig_aff_s40_n1_p1_r3_as200_an5/texas_h5_a26_ha_trimer_affinity/boltz_results_texas_h5_a26_ha_trimer_affinity/predictions/texas_h5_a26_ha_trimer_affinity/texas_h5_a26_ha_trimer_affinity_model_0.cif,flu_trimer_single_ligand_affinity/runs/ha_trimer_1lig_aff_s40_n1_p1_r3_as200_an5/texas_h5_a26_ha_trimer_affinity/boltz_results_texas_h5_a26_ha_trimer_affinity/predictions/texas_h5_a26_ha_trimer_affinity/confidence_texas_h5_a26_ha_trimer_affinity_model_0.json,flu_trimer_single_ligand_affinity/runs/ha_trimer_1lig_aff_s40_n1_p1_r3_as200_an5/texas_h5_a26_ha_trimer_affinity/boltz_results_texas_h5_a26_ha_trimer_affinity/predictions/texas_h5_a26_ha_trimer_affinity/affinity_texas_h5_a26_ha_trimer_affinity.json,
texas_h5_sia_ha_trimer_affinity,texas_h5,A/dairy_cow/Texas/24_009108-001/2024,H5,sia,SIA,ccd,HA trimer + 1 affinity ligand,3,1,495,1485,ha_trimer_1lig_aff_s40_n1_p1_r3_as200_an5,40,1,1,3,200,5,0,ok,1237,1244,flu_trimer_single_ligand_affinity/runs/ha_trimer_1lig_aff_s40_n1_p1_r3_as200_an5/texas_h5_sia_ha_trimer_affinity/boltz_results_texas_h5_sia_ha_trimer_affinity/msa/texas_h5_sia_ha_trimer_affinity_0.csv,0.9138233065605164,0.9215011596679688,0.8927103877067566,0.8831121325492859,0.9414592385292053,0.8847578763961792,0.9150333404541016,0.5254083871841431,1.5850635766983032,0.3038007915019989,0.7626075744628906,1.291045069694519,0.891742467880249,-0.6834434866905212,0.633472740650177,flu_trimer_single_ligand_affinity/runs/ha_trimer_1lig_aff_s40_n1_p1_r3_as200_an5/texas_h5_sia_ha_trimer_affinity/boltz_results_texas_h5_sia_ha_trimer_affinity/predictions/texas_h5_sia_ha_trimer_affinity/texas_h5_sia_ha_trimer_affinity_model_0.cif,flu_trimer_single_ligand_affinity/runs/ha_trimer_1lig_aff_s40_n1_p1_r3_as200_an5/texas_h5_sia_ha_trimer_affinity/boltz_results_texas_h5_sia_ha_trimer_affinity/predictions/texas_h5_sia_ha_trimer_affinity/confidence_texas_h5_sia_ha_trimer_affinity_model_0.json,flu_trimer_single_ligand_affinity/runs/ha_trimer_1lig_aff_s40_n1_p1_r3_as200_an5/texas_h5_sia_ha_trimer_affinity/boltz_results_texas_h5_sia_ha_trimer_affinity/predictions/texas_h5_sia_ha_trimer_affinity/affinity_texas_h5_sia_ha_trimer_affinity.json,
texas_h5_ngc_ha_trimer_affinity,texas_h5,A/dairy_cow/Texas/24_009108-001/2024,H5,ngc,NGC,ccd,HA trimer + 1 affinity ligand,3,1,495,1485,ha_trimer_1lig_aff_s40_n1_p1_r3_as200_an5,40,1,1,3,200,5,,failed,,,,,,,,,,,,,,,,,,,,,,
california_h5_a23_ha_trimer_affinity,california_h5,A/cattle/CA/24-036570-001-original/2024(H5N1),H5,a23,alpha2-3 SIA glycan,smiles,HA trimer + 1 affinity ligand,3,1,495,1485,ha_trimer_1lig_aff_s40_n1_p1_r3_as200_an5,40,1,1,3,200,5,0,ok,1235,1242,flu_trimer_single_ligand_affinity/runs/ha_trimer_1lig_aff_s40_n1_p1_r3_as200_an5/california_h5_a23_ha_trimer_affinity/boltz_results_california_h5_a23_ha_trimer_affinity/msa/california_h5_a23_ha_trimer_affinity_0.csv,0.9050064086914062,0.9167886972427368,0.8710377216339111,0.8578774929046631,0.8694181442260742,0.8665259480476379,0.8972283005714417,0.6144601702690125,2.5737006664276123,1.2640703916549683,0.556705117225647,1.642768383026123,0.6132453680038452,0.8853723406791687,0.500164806842804,flu_trimer_single_ligand_affinity/runs/ha_trimer_1lig_aff_s40_n1_p1_r3_as200_an5/california_h5_a23_ha_trimer_affinity/boltz_results_california_h5_a23_ha_trimer_affinity/predictions/california_h5_a23_ha_trimer_affinity/california_h5_a23_ha_trimer_affinity_model_0.cif,flu_trimer_single_ligand_affinity/runs/ha_trimer_1lig_aff_s40_n1_p1_r3_as200_an5/california_h5_a23_ha_trimer_affinity/boltz_results_california_h5_a23_ha_trimer_affinity/predictions/california_h5_a23_ha_trimer_affinity/confidence_california_h5_a23_ha_trimer_affinity_model_0.json,flu_trimer_single_ligand_affinity/runs/ha_trimer_1lig_aff_s40_n1_p1_r3_as200_an5/california_h5_a23_ha_trimer_affinity/boltz_results_california_h5_a23_ha_trimer_affinity/predictions/california_h5_a23_ha_trimer_affinity/affinity_california_h5_a23_ha_trimer_affinity.json,
california_h5_a26_ha_trimer_affinity,california_h5,A/cattle/CA/24-036570-001-original/2024(H5N1),H5,a26,alpha2-6 SIA glycan,smiles,HA trimer + 1 affinity ligand,3,1,495,1485,ha_trimer_1lig_aff_s40_n1_p1_r3_as200_an5,40,1,1,3,200,5,0,ok,1235,1242,flu_trimer_single_ligand_affinity/runs/ha_trimer_1lig_aff_s40_n1_p1_r3_as200_an5/california_h5_a26_ha_trimer_affinity/boltz_results_california_h5_a26_ha_trimer_affinity/msa/california_h5_a26_ha_trimer_affinity_0.csv,0.903805673122406,0.9151545166969299,0.8716757893562317,0.858410120010376,0.7931144833564758,0.868927538394928,0.8830593824386597,0.6784301400184631,3.0814456939697266,1.677781105041504,0.5135546922683716,2.04805326461792,0.5785035490989685,1.307508945465088,0.44860583543777466,flu_trimer_single_ligand_affinity/runs/ha_trimer_1lig_aff_s40_n1_p1_r3_as200_an5/california_h5_a26_ha_trimer_affinity/boltz_results_california_h5_a26_ha_trimer_affinity/predictions/california_h5_a26_ha_trimer_affinity/california_h5_a26_ha_trimer_affinity_model_0.cif,flu_trimer_single_ligand_affinity/runs/ha_trimer_1lig_aff_s40_n1_p1_r3_as200_an5/california_h5_a26_ha_trimer_affinity/boltz_results_california_h5_a26_ha_trimer_affinity/predictions/california_h5_a26_ha_trimer_affinity/confidence_california_h5_a26_ha_trimer_affinity_model_0.json,flu_trimer_single_ligand_affinity/runs/ha_trimer_1lig_aff_s40_n1_p1_r3_as200_an5/california_h5_a26_ha_trimer_affinity/boltz_results_california_h5_a26_ha_trimer_affinity/predictions/california_h5_a26_ha_trimer_affinity/affinity_california_h5_a26_ha_trimer_affinity.json,
california_h5_sia_ha_trimer_affinity,california_h5,A/cattle/CA/24-036570-001-original/2024(H5N1),H5,sia,SIA,ccd,HA trimer + 1 affinity ligand,3,1,495,1485,ha_trimer_1lig_aff_s40_n1_p1_r3_as200_an5,40,1,1,3,200,5,,failed,,,,,,,,,,,,,,,,,,,,,,
california_h5_ngc_ha_trimer_affinity,california_h5,A/cattle/CA/24-036570-001-original/2024(H5N1),H5,ngc,NGC,ccd,HA trimer + 1 affinity ligand,3,1,495,1485,ha_trimer_1lig_aff_s40_n1_p1_r3_as200_an5,40,1,1,3,200,5,,failed,,,,,,,,,,,,,,,,,,,,,,
duck_bavaria_h1_a23_ha_trimer_affinity,duck_bavaria_h1,A/duck/Bavaria/1/77,H1,a23,alpha2-3 SIA glycan,smiles,HA trimer + 1 affinity ligand,3,1,502,1506,ha_trimer_1lig_aff_s80_n3_p1_r5_as200_an5,80,3,1,5,200,5,,oom,1227,1234,flu_trimer_single_ligand_affinity/runs/ha_trimer_1lig_aff_s80_n3_p1_r5_as200_an5/duck_bavaria_h1_a23_ha_trimer_affinity/boltz_results_duck_bavaria_h1_a23_ha_trimer_affinity/msa/duck_bavaria_h1_a23_ha_trimer_affinity_0.csv,,,,,,,,,,,,,,,,,,,
duck_bavaria_h1_a26_ha_trimer_affinity,duck_bavaria_h1,A/duck/Bavaria/1/77,H1,a26,alpha2-6 SIA glycan,smiles,HA trimer + 1 affinity ligand,3,1,502,1506,ha_trimer_1lig_aff_s80_n3_p1_r5_as200_an5,80,3,1,5,200,5,0,ok,1227,1234,flu_trimer_single_ligand_affinity/runs/ha_trimer_1lig_aff_s80_n3_p1_r5_as200_an5/duck_bavaria_h1_a26_ha_trimer_affinity/boltz_results_duck_bavaria_h1_a26_ha_trimer_affinity/msa/duck_bavaria_h1_a26_ha_trimer_affinity_0.csv,0.9040119051933289,0.9082193374633789,0.8979898691177368,0.887182354927063,0.8076662421226501,0.8961775898933411,0.8702328205108643,0.6110217571258545,3.0019290447235107,1.6316635608673096,0.4233664870262146,1.8741873502731323,0.4038234353065491,1.3891396522521973,0.4429095685482025,flu_trimer_single_ligand_affinity/runs/ha_trimer_1lig_aff_s80_n3_p1_r5_as200_an5/duck_bavaria_h1_a26_ha_trimer_affinity/boltz_results_duck_bavaria_h1_a26_ha_trimer_affinity/predictions/duck_bavaria_h1_a26_ha_trimer_affinity/duck_bavaria_h1_a26_ha_trimer_affinity_model_0.cif,flu_trimer_single_ligand_affinity/runs/ha_trimer_1lig_aff_s80_n3_p1_r5_as200_an5/duck_bavaria_h1_a26_ha_trimer_affinity/boltz_results_duck_bavaria_h1_a26_ha_trimer_affinity/predictions/duck_bavaria_h1_a26_ha_trimer_affinity/confidence_duck_bavaria_h1_a26_ha_trimer_affinity_model_0.json,flu_trimer_single_ligand_affinity/runs/ha_trimer_1lig_aff_s80_n3_p1_r5_as200_an5/duck_bavaria_h1_a26_ha_trimer_affinity/boltz_results_duck_bavaria_h1_a26_ha_trimer_affinity/predictions/duck_bavaria_h1_a26_ha_trimer_affinity/affinity_duck_bavaria_h1_a26_ha_trimer_affinity.json,
duck_bavaria_h1_a26_ha_trimer_affinity,duck_bavaria_h1,A/duck/Bavaria/1/77,H1,a26,alpha2-6 SIA glycan,smiles,HA trimer + 1 affinity ligand,3,1,502,1506,ha_trimer_1lig_aff_s80_n3_p1_r5_as200_an5,80,3,1,5,200,5,1,ok,1227,1234,flu_trimer_single_ligand_affinity/runs/ha_trimer_1lig_aff_s80_n3_p1_r5_as200_an5/duck_bavaria_h1_a26_ha_trimer_affinity/boltz_results_duck_bavaria_h1_a26_ha_trimer_affinity/msa/duck_bavaria_h1_a26_ha_trimer_affinity_0.csv,0.9014782309532166,0.9063314199447632,0.8925143480300903,0.8820653557777405,0.8343185186386108,0.8896567225456238,0.8705047965049744,0.6254082322120667,2.757906913757324,1.6316635608673096,0.4233664870262146,1.8741873502731323,0.4038234353065491,1.3891396522521973,0.4429095685482025,flu_trimer_single_ligand_affinity/runs/ha_trimer_1lig_aff_s80_n3_p1_r5_as200_an5/duck_bavaria_h1_a26_ha_trimer_affinity/boltz_results_duck_bavaria_h1_a26_ha_trimer_affinity/predictions/duck_bavaria_h1_a26_ha_trimer_affinity/duck_bavaria_h1_a26_ha_trimer_affinity_model_1.cif,flu_trimer_single_ligand_affinity/runs/ha_trimer_1lig_aff_s80_n3_p1_r5_as200_an5/duck_bavaria_h1_a26_ha_trimer_affinity/boltz_results_duck_bavaria_h1_a26_ha_trimer_affinity/predictions/duck_bavaria_h1_a26_ha_trimer_affinity/confidence_duck_bavaria_h1_a26_ha_trimer_affinity_model_1.json,flu_trimer_single_ligand_affinity/runs/ha_trimer_1lig_aff_s80_n3_p1_r5_as200_an5/duck_bavaria_h1_a26_ha_trimer_affinity/boltz_results_duck_bavaria_h1_a26_ha_trimer_affinity/predictions/duck_bavaria_h1_a26_ha_trimer_affinity/affinity_duck_bavaria_h1_a26_ha_trimer_affinity.json,
duck_bavaria_h1_a26_ha_trimer_affinity,duck_bavaria_h1,A/duck/Bavaria/1/77,H1,a26,alpha2-6 SIA glycan,smiles,HA trimer + 1 affinity ligand,3,1,502,1506,ha_trimer_1lig_aff_s80_n3_p1_r5_as200_an5,80,3,1,5,200,5,2,ok,1227,1234,flu_trimer_single_ligand_affinity/runs/ha_trimer_1lig_aff_s80_n3_p1_r5_as200_an5/duck_bavaria_h1_a26_ha_trimer_affinity/boltz_results_duck_bavaria_h1_a26_ha_trimer_affinity/msa/duck_bavaria_h1_a26_ha_trimer_affinity_0.csv,0.8989067077636719,0.9043700098991394,0.8885712027549744,0.8770536184310913,0.824284553527832,0.8865826725959778,0.8688924312591553,0.6383523344993591,2.916735887527466,1.6316635608673096,0.4233664870262146,1.8741873502731323,0.4038234353065491,1.3891396522521973,0.4429095685482025,flu_trimer_single_ligand_affinity/runs/ha_trimer_1lig_aff_s80_n3_p1_r5_as200_an5/duck_bavaria_h1_a26_ha_trimer_affinity/boltz_results_duck_bavaria_h1_a26_ha_trimer_affinity/predictions/duck_bavaria_h1_a26_ha_trimer_affinity/duck_bavaria_h1_a26_ha_trimer_affinity_model_2.cif,flu_trimer_single_ligand_affinity/runs/ha_trimer_1lig_aff_s80_n3_p1_r5_as200_an5/duck_bavaria_h1_a26_ha_trimer_affinity/boltz_results_duck_bavaria_h1_a26_ha_trimer_affinity/predictions/duck_bavaria_h1_a26_ha_trimer_affinity/confidence_duck_bavaria_h1_a26_ha_trimer_affinity_model_2.json,flu_trimer_single_ligand_affinity/runs/ha_trimer_1lig_aff_s80_n3_p1_r5_as200_an5/duck_bavaria_h1_a26_ha_trimer_affinity/boltz_results_duck_bavaria_h1_a26_ha_trimer_affinity/predictions/duck_bavaria_h1_a26_ha_trimer_affinity/affinity_duck_bavaria_h1_a26_ha_trimer_affinity.json,
duck_bavaria_h1_sia_ha_trimer_affinity,duck_bavaria_h1,A/duck/Bavaria/1/77,H1,sia,SIA,ccd,HA trimer + 1 affinity ligand,3,1,502,1506,ha_trimer_1lig_aff_s80_n3_p1_r5_as200_an5,80,3,1,5,200,5,,oom,1227,1234,flu_trimer_single_ligand_affinity/runs/ha_trimer_1lig_aff_s80_n3_p1_r5_as200_an5/duck_bavaria_h1_sia_ha_trimer_affinity/boltz_results_duck_bavaria_h1_sia_ha_trimer_affinity/msa/duck_bavaria_h1_sia_ha_trimer_affinity_0.csv,,,,,,,,,,,,,,,,,,,
duck_bavaria_h1_ngc_ha_trimer_affinity,duck_bavaria_h1,A/duck/Bavaria/1/77,H1,ngc,NGC,ccd,HA trimer + 1 affinity ligand,3,1,502,1506,ha_trimer_1lig_aff_s80_n3_p1_r5_as200_an5,80,3,1,5,200,5,,oom,1227,1234,flu_trimer_single_ligand_affinity/runs/ha_trimer_1lig_aff_s80_n3_p1_r5_as200_an5/duck_bavaria_h1_ngc_ha_trimer_affinity/boltz_results_duck_bavaria_h1_ngc_ha_trimer_affinity/msa/duck_bavaria_h1_ngc_ha_trimer_affinity_0.csv,,,,,,,,,,,,,,,,,,,
memphis_h1_a23_ha_trimer_affinity,memphis_h1,A/Memphis/7/1980,H1,a23,alpha2-3 SIA glycan,smiles,HA trimer + 1 affinity ligand,3,1,502,1506,ha_trimer_1lig_aff_s80_n3_p1_r5_as200_an5,80,3,1,5,200,5,0,ok,1224,1231,flu_trimer_single_ligand_affinity/runs/ha_trimer_1lig_aff_s80_n3_p1_r5_as200_an5/memphis_h1_a23_ha_trimer_affinity/boltz_results_memphis_h1_a23_ha_trimer_affinity/msa/memphis_h1_a23_ha_trimer_affinity_0.csv,0.9141406416893005,0.9184296727180481,0.9070493578910828,0.8969842791557312,0.8095077276229858,0.9059456586837769,0.8801290988922119,0.5725759267807007,3.2077648639678955,1.1541578769683838,0.49886947870254517,1.250069499015808,0.5314874053001404,1.058246374130249,0.46625158190727234,flu_trimer_single_ligand_affinity/runs/ha_trimer_1lig_aff_s80_n3_p1_r5_as200_an5/memphis_h1_a23_ha_trimer_affinity/boltz_results_memphis_h1_a23_ha_trimer_affinity/predictions/memphis_h1_a23_ha_trimer_affinity/memphis_h1_a23_ha_trimer_affinity_model_0.cif,flu_trimer_single_ligand_affinity/runs/ha_trimer_1lig_aff_s80_n3_p1_r5_as200_an5/memphis_h1_a23_ha_trimer_affinity/boltz_results_memphis_h1_a23_ha_trimer_affinity/predictions/memphis_h1_a23_ha_trimer_affinity/confidence_memphis_h1_a23_ha_trimer_affinity_model_0.json,flu_trimer_single_ligand_affinity/runs/ha_trimer_1lig_aff_s80_n3_p1_r5_as200_an5/memphis_h1_a23_ha_trimer_affinity/boltz_results_memphis_h1_a23_ha_trimer_affinity/predictions/memphis_h1_a23_ha_trimer_affinity/affinity_memphis_h1_a23_ha_trimer_affinity.json,
memphis_h1_a23_ha_trimer_affinity,memphis_h1,A/Memphis/7/1980,H1,a23,alpha2-3 SIA glycan,smiles,HA trimer + 1 affinity ligand,3,1,502,1506,ha_trimer_1lig_aff_s80_n3_p1_r5_as200_an5,80,3,1,5,200,5,1,ok,1224,1231,flu_trimer_single_ligand_affinity/runs/ha_trimer_1lig_aff_s80_n3_p1_r5_as200_an5/memphis_h1_a23_ha_trimer_affinity/boltz_results_memphis_h1_a23_ha_trimer_affinity/msa/memphis_h1_a23_ha_trimer_affinity_0.csv,0.914024293422699,0.917469322681427,0.9097066521644592,0.9002441763877869,0.8501443862915039,0.9072667956352234,0.8823964595794678,0.549712598323822,2.819542407989502,1.1541578769683838,0.49886947870254517,1.250069499015808,0.5314874053001404,1.058246374130249,0.46625158190727234,flu_trimer_single_ligand_affinity/runs/ha_trimer_1lig_aff_s80_n3_p1_r5_as200_an5/memphis_h1_a23_ha_trimer_affinity/boltz_results_memphis_h1_a23_ha_trimer_affinity/predictions/memphis_h1_a23_ha_trimer_affinity/memphis_h1_a23_ha_trimer_affinity_model_1.cif,flu_trimer_single_ligand_affinity/runs/ha_trimer_1lig_aff_s80_n3_p1_r5_as200_an5/memphis_h1_a23_ha_trimer_affinity/boltz_results_memphis_h1_a23_ha_trimer_affinity/predictions/memphis_h1_a23_ha_trimer_affinity/confidence_memphis_h1_a23_ha_trimer_affinity_model_1.json,flu_trimer_single_ligand_affinity/runs/ha_trimer_1lig_aff_s80_n3_p1_r5_as200_an5/memphis_h1_a23_ha_trimer_affinity/boltz_results_memphis_h1_a23_ha_trimer_affinity/predictions/memphis_h1_a23_ha_trimer_affinity/affinity_memphis_h1_a23_ha_trimer_affinity.json,
memphis_h1_a23_ha_trimer_affinity,memphis_h1,A/Memphis/7/1980,H1,a23,alpha2-3 SIA glycan,smiles,HA trimer + 1 affinity ligand,3,1,502,1506,ha_trimer_1lig_aff_s80_n3_p1_r5_as200_an5,80,3,1,5,200,5,2,ok,1224,1231,flu_trimer_single_ligand_affinity/runs/ha_trimer_1lig_aff_s80_n3_p1_r5_as200_an5/memphis_h1_a23_ha_trimer_affinity/boltz_results_memphis_h1_a23_ha_trimer_affinity/msa/memphis_h1_a23_ha_trimer_affinity_0.csv,0.9110285043716431,0.9156860709190369,0.9025728702545166,0.8923981785774231,0.8294967412948608,0.9003220796585083,0.8795664310455322,0.5956096649169922,3.1662089824676514,1.1541578769683838,0.49886947870254517,1.250069499015808,0.5314874053001404,1.058246374130249,0.46625158190727234,flu_trimer_single_ligand_affinity/runs/ha_trimer_1lig_aff_s80_n3_p1_r5_as200_an5/memphis_h1_a23_ha_trimer_affinity/boltz_results_memphis_h1_a23_ha_trimer_affinity/predictions/memphis_h1_a23_ha_trimer_affinity/memphis_h1_a23_ha_trimer_affinity_model_2.cif,flu_trimer_single_ligand_affinity/runs/ha_trimer_1lig_aff_s80_n3_p1_r5_as200_an5/memphis_h1_a23_ha_trimer_affinity/boltz_results_memphis_h1_a23_ha_trimer_affinity/predictions/memphis_h1_a23_ha_trimer_affinity/confidence_memphis_h1_a23_ha_trimer_affinity_model_2.json,flu_trimer_single_ligand_affinity/runs/ha_trimer_1lig_aff_s80_n3_p1_r5_as200_an5/memphis_h1_a23_ha_trimer_affinity/boltz_results_memphis_h1_a23_ha_trimer_affinity/predictions/memphis_h1_a23_ha_trimer_affinity/affinity_memphis_h1_a23_ha_trimer_affinity.json,
memphis_h1_a26_ha_trimer_affinity,memphis_h1,A/Memphis/7/1980,H1,a26,alpha2-6 SIA glycan,smiles,HA trimer + 1 affinity ligand,3,1,502,1506,ha_trimer_1lig_aff_s80_n3_p1_r5_as200_an5,80,3,1,5,200,5,0,ok,1224,1231,flu_trimer_single_ligand_affinity/runs/ha_trimer_1lig_aff_s80_n3_p1_r5_as200_an5/memphis_h1_a26_ha_trimer_affinity/boltz_results_memphis_h1_a26_ha_trimer_affinity/msa/memphis_h1_a26_ha_trimer_affinity_0.csv,0.911267876625061,0.9166595339775085,0.9004939198493958,0.8897013664245605,0.800926685333252,0.8990748524665833,0.876844048500061,0.6221277117729187,3.364443778991699,1.7400784492492676,0.4363049566745758,1.7905062437057495,0.43321388959884644,1.689650535583496,0.4393960237503052,flu_trimer_single_ligand_affinity/runs/ha_trimer_1lig_aff_s80_n3_p1_r5_as200_an5/memphis_h1_a26_ha_trimer_affinity/boltz_results_memphis_h1_a26_ha_trimer_affinity/predictions/memphis_h1_a26_ha_trimer_affinity/memphis_h1_a26_ha_trimer_affinity_model_0.cif,flu_trimer_single_ligand_affinity/runs/ha_trimer_1lig_aff_s80_n3_p1_r5_as200_an5/memphis_h1_a26_ha_trimer_affinity/boltz_results_memphis_h1_a26_ha_trimer_affinity/predictions/memphis_h1_a26_ha_trimer_affinity/confidence_memphis_h1_a26_ha_trimer_affinity_model_0.json,flu_trimer_single_ligand_affinity/runs/ha_trimer_1lig_aff_s80_n3_p1_r5_as200_an5/memphis_h1_a26_ha_trimer_affinity/boltz_results_memphis_h1_a26_ha_trimer_affinity/predictions/memphis_h1_a26_ha_trimer_affinity/affinity_memphis_h1_a26_ha_trimer_affinity.json,
memphis_h1_a26_ha_trimer_affinity,memphis_h1,A/Memphis/7/1980,H1,a26,alpha2-6 SIA glycan,smiles,HA trimer + 1 affinity ligand,3,1,502,1506,ha_trimer_1lig_aff_s80_n3_p1_r5_as200_an5,80,3,1,5,200,5,1,ok,1224,1231,flu_trimer_single_ligand_affinity/runs/ha_trimer_1lig_aff_s80_n3_p1_r5_as200_an5/memphis_h1_a26_ha_trimer_affinity/boltz_results_memphis_h1_a26_ha_trimer_affinity/msa/memphis_h1_a26_ha_trimer_affinity_0.csv,0.9105082750320435,0.9165218472480774,0.8960555791854858,0.8864540457725525,0.8082528114318848,0.8955806493759155,0.8787777423858643,0.6518036127090454,3.4012198448181152,1.7400784492492676,0.4363049566745758,1.7905062437057495,0.43321388959884644,1.689650535583496,0.4393960237503052,flu_trimer_single_ligand_affinity/runs/ha_trimer_1lig_aff_s80_n3_p1_r5_as200_an5/memphis_h1_a26_ha_trimer_affinity/boltz_results_memphis_h1_a26_ha_trimer_affinity/predictions/memphis_h1_a26_ha_trimer_affinity/memphis_h1_a26_ha_trimer_affinity_model_1.cif,flu_trimer_single_ligand_affinity/runs/ha_trimer_1lig_aff_s80_n3_p1_r5_as200_an5/memphis_h1_a26_ha_trimer_affinity/boltz_results_memphis_h1_a26_ha_trimer_affinity/predictions/memphis_h1_a26_ha_trimer_affinity/confidence_memphis_h1_a26_ha_trimer_affinity_model_1.json,flu_trimer_single_ligand_affinity/runs/ha_trimer_1lig_aff_s80_n3_p1_r5_as200_an5/memphis_h1_a26_ha_trimer_affinity/boltz_results_memphis_h1_a26_ha_trimer_affinity/predictions/memphis_h1_a26_ha_trimer_affinity/affinity_memphis_h1_a26_ha_trimer_affinity.json,
memphis_h1_a26_ha_trimer_affinity,memphis_h1,A/Memphis/7/1980,H1,a26,alpha2-6 SIA glycan,smiles,HA trimer + 1 affinity ligand,3,1,502,1506,ha_trimer_1lig_aff_s80_n3_p1_r5_as200_an5,80,3,1,5,200,5,2,ok,1224,1231,flu_trimer_single_ligand_affinity/runs/ha_trimer_1lig_aff_s80_n3_p1_r5_as200_an5/memphis_h1_a26_ha_trimer_affinity/boltz_results_memphis_h1_a26_ha_trimer_affinity/msa/memphis_h1_a26_ha_trimer_affinity_0.csv,0.9093819856643677,0.9141910076141357,0.8997761607170105,0.8901456594467163,0.7968210577964783,0.9002423286437988,0.8692153096199036,0.6323537826538086,3.5246195793151855,1.7400784492492676,0.4363049566745758,1.7905062437057495,0.43321388959884644,1.689650535583496,0.4393960237503052,flu_trimer_single_ligand_affinity/runs/ha_trimer_1lig_aff_s80_n3_p1_r5_as200_an5/memphis_h1_a26_ha_trimer_affinity/boltz_results_memphis_h1_a26_ha_trimer_affinity/predictions/memphis_h1_a26_ha_trimer_affinity/memphis_h1_a26_ha_trimer_affinity_model_2.cif,flu_trimer_single_ligand_affinity/runs/ha_trimer_1lig_aff_s80_n3_p1_r5_as200_an5/memphis_h1_a26_ha_trimer_affinity/boltz_results_memphis_h1_a26_ha_trimer_affinity/predictions/memphis_h1_a26_ha_trimer_affinity/confidence_memphis_h1_a26_ha_trimer_affinity_model_2.json,flu_trimer_single_ligand_affinity/runs/ha_trimer_1lig_aff_s80_n3_p1_r5_as200_an5/memphis_h1_a26_ha_trimer_affinity/boltz_results_memphis_h1_a26_ha_trimer_affinity/predictions/memphis_h1_a26_ha_trimer_affinity/affinity_memphis_h1_a26_ha_trimer_affinity.json,
memphis_h1_sia_ha_trimer_affinity,memphis_h1,A/Memphis/7/1980,H1,sia,SIA,ccd,HA trimer + 1 affinity ligand,3,1,502,1506,ha_trimer_1lig_aff_s80_n3_p1_r5_as200_an5,80,3,1,5,200,5,,oom,1224,1231,flu_trimer_single_ligand_affinity/runs/ha_trimer_1lig_aff_s80_n3_p1_r5_as200_an5/memphis_h1_sia_ha_trimer_affinity/boltz_results_memphis_h1_sia_ha_trimer_affinity/msa/memphis_h1_sia_ha_trimer_affinity_0.csv,,,,,,,,,,,,,,,,,,,
memphis_h1_ngc_ha_trimer_affinity,memphis_h1,A/Memphis/7/1980,H1,ngc,NGC,ccd,HA trimer + 1 affinity ligand,3,1,502,1506,ha_trimer_1lig_aff_s80_n3_p1_r5_as200_an5,80,3,1,5,200,5,,oom,1224,1231,flu_trimer_single_ligand_affinity/runs/ha_trimer_1lig_aff_s80_n3_p1_r5_as200_an5/memphis_h1_ngc_ha_trimer_affinity/boltz_results_memphis_h1_ngc_ha_trimer_affinity/msa/memphis_h1_ngc_ha_trimer_affinity_0.csv,,,,,,,,,,,,,,,,,,,
texas_h5_a23_ha_trimer_affinity,texas_h5,A/dairy_cow/Texas/24_009108-001/2024,H5,a23,alpha2-3 SIA glycan,smiles,HA trimer + 1 affinity ligand,3,1,495,1485,ha_trimer_1lig_aff_s80_n3_p1_r5_as200_an5,80,3,1,5,200,5,,oom,1237,1244,flu_trimer_single_ligand_affinity/runs/ha_trimer_1lig_aff_s80_n3_p1_r5_as200_an5/texas_h5_a23_ha_trimer_affinity/boltz_results_texas_h5_a23_ha_trimer_affinity/msa/texas_h5_a23_ha_trimer_affinity_0.csv,,,,,,,,,,,,,,,,,,,
texas_h5_a26_ha_trimer_affinity,texas_h5,A/dairy_cow/Texas/24_009108-001/2024,H5,a26,alpha2-6 SIA glycan,smiles,HA trimer + 1 affinity ligand,3,1,495,1485,ha_trimer_1lig_aff_s80_n3_p1_r5_as200_an5,80,3,1,5,200,5,,oom,1237,1244,flu_trimer_single_ligand_affinity/runs/ha_trimer_1lig_aff_s80_n3_p1_r5_as200_an5/texas_h5_a26_ha_trimer_affinity/boltz_results_texas_h5_a26_ha_trimer_affinity/msa/texas_h5_a26_ha_trimer_affinity_0.csv,,,,,,,,,,,,,,,,,,,
texas_h5_sia_ha_trimer_affinity,texas_h5,A/dairy_cow/Texas/24_009108-001/2024,H5,sia,SIA,ccd,HA trimer + 1 affinity ligand,3,1,495,1485,ha_trimer_1lig_aff_s80_n3_p1_r5_as200_an5,80,3,1,5,200,5,,oom,1237,1244,flu_trimer_single_ligand_affinity/runs/ha_trimer_1lig_aff_s80_n3_p1_r5_as200_an5/texas_h5_sia_ha_trimer_affinity/boltz_results_texas_h5_sia_ha_trimer_affinity/msa/texas_h5_sia_ha_trimer_affinity_0.csv,,,,,,,,,,,,,,,,,,,
texas_h5_ngc_ha_trimer_affinity,texas_h5,A/dairy_cow/Texas/24_009108-001/2024,H5,ngc,NGC,ccd,HA trimer + 1 affinity ligand,3,1,495,1485,ha_trimer_1lig_aff_s80_n3_p1_r5_as200_an5,80,3,1,5,200,5,0,ok,1237,1244,flu_trimer_single_ligand_affinity/runs/ha_trimer_1lig_aff_s80_n3_p1_r5_as200_an5/texas_h5_ngc_ha_trimer_affinity/boltz_results_texas_h5_ngc_ha_trimer_affinity/msa/texas_h5_ngc_ha_trimer_affinity_0.csv,0.912225067615509,0.921103298664093,0.8868164420127869,0.8767122626304626,0.9050325751304626,0.8789367079734802,0.9079813361167908,0.5678507685661316,2.000096082687378,0.9941278100013733,0.5804712772369385,2.348428249359131,0.6421364545822144,-0.3601726293563843,0.5188060998916626,flu_trimer_single_ligand_affinity/runs/ha_trimer_1lig_aff_s80_n3_p1_r5_as200_an5/texas_h5_ngc_ha_trimer_affinity/boltz_results_texas_h5_ngc_ha_trimer_affinity/predictions/texas_h5_ngc_ha_trimer_affinity/texas_h5_ngc_ha_trimer_affinity_model_0.cif,flu_trimer_single_ligand_affinity/runs/ha_trimer_1lig_aff_s80_n3_p1_r5_as200_an5/texas_h5_ngc_ha_trimer_affinity/boltz_results_texas_h5_ngc_ha_trimer_affinity/predictions/texas_h5_ngc_ha_trimer_affinity/confidence_texas_h5_ngc_ha_trimer_affinity_model_0.json,flu_trimer_single_ligand_affinity/runs/ha_trimer_1lig_aff_s80_n3_p1_r5_as200_an5/texas_h5_ngc_ha_trimer_affinity/boltz_results_texas_h5_ngc_ha_trimer_affinity/predictions/texas_h5_ngc_ha_trimer_affinity/affinity_texas_h5_ngc_ha_trimer_affinity.json,
texas_h5_ngc_ha_trimer_affinity,texas_h5,A/dairy_cow/Texas/24_009108-001/2024,H5,ngc,NGC,ccd,HA trimer + 1 affinity ligand,3,1,495,1485,ha_trimer_1lig_aff_s80_n3_p1_r5_as200_an5,80,3,1,5,200,5,1,ok,1237,1244,flu_trimer_single_ligand_affinity/runs/ha_trimer_1lig_aff_s80_n3_p1_r5_as200_an5/texas_h5_ngc_ha_trimer_affinity/boltz_results_texas_h5_ngc_ha_trimer_affinity/msa/texas_h5_ngc_ha_trimer_affinity_0.csv,0.912173867225647,0.9191980957984924,0.8933776021003723,0.8840770721435547,0.8929042220115662,0.8864721655845642,0.9003857970237732,0.5634632706642151,2.064548969268799,0.9941278100013733,0.5804712772369385,2.348428249359131,0.6421364545822144,-0.3601726293563843,0.5188060998916626,flu_trimer_single_ligand_affinity/runs/ha_trimer_1lig_aff_s80_n3_p1_r5_as200_an5/texas_h5_ngc_ha_trimer_affinity/boltz_results_texas_h5_ngc_ha_trimer_affinity/predictions/texas_h5_ngc_ha_trimer_affinity/texas_h5_ngc_ha_trimer_affinity_model_1.cif,flu_trimer_single_ligand_affinity/runs/ha_trimer_1lig_aff_s80_n3_p1_r5_as200_an5/texas_h5_ngc_ha_trimer_affinity/boltz_results_texas_h5_ngc_ha_trimer_affinity/predictions/texas_h5_ngc_ha_trimer_affinity/confidence_texas_h5_ngc_ha_trimer_affinity_model_1.json,flu_trimer_single_ligand_affinity/runs/ha_trimer_1lig_aff_s80_n3_p1_r5_as200_an5/texas_h5_ngc_ha_trimer_affinity/boltz_results_texas_h5_ngc_ha_trimer_affinity/predictions/texas_h5_ngc_ha_trimer_affinity/affinity_texas_h5_ngc_ha_trimer_affinity.json,
texas_h5_ngc_ha_trimer_affinity,texas_h5,A/dairy_cow/Texas/24_009108-001/2024,H5,ngc,NGC,ccd,HA trimer + 1 affinity ligand,3,1,495,1485,ha_trimer_1lig_aff_s80_n3_p1_r5_as200_an5,80,3,1,5,200,5,2,ok,1237,1244,flu_trimer_single_ligand_affinity/runs/ha_trimer_1lig_aff_s80_n3_p1_r5_as200_an5/texas_h5_ngc_ha_trimer_affinity/boltz_results_texas_h5_ngc_ha_trimer_affinity/msa/texas_h5_ngc_ha_trimer_affinity_0.csv,0.9106561541557312,0.9205191731452942,0.881694495677948,0.8712038993835449,0.8916569948196411,0.8737100958824158,0.9080302119255066,0.5750252604484558,2.1169490814208984,0.9941278100013733,0.5804712772369385,2.348428249359131,0.6421364545822144,-0.3601726293563843,0.5188060998916626,flu_trimer_single_ligand_affinity/runs/ha_trimer_1lig_aff_s80_n3_p1_r5_as200_an5/texas_h5_ngc_ha_trimer_affinity/boltz_results_texas_h5_ngc_ha_trimer_affinity/predictions/texas_h5_ngc_ha_trimer_affinity/texas_h5_ngc_ha_trimer_affinity_model_2.cif,flu_trimer_single_ligand_affinity/runs/ha_trimer_1lig_aff_s80_n3_p1_r5_as200_an5/texas_h5_ngc_ha_trimer_affinity/boltz_results_texas_h5_ngc_ha_trimer_affinity/predictions/texas_h5_ngc_ha_trimer_affinity/confidence_texas_h5_ngc_ha_trimer_affinity_model_2.json,flu_trimer_single_ligand_affinity/runs/ha_trimer_1lig_aff_s80_n3_p1_r5_as200_an5/texas_h5_ngc_ha_trimer_affinity/boltz_results_texas_h5_ngc_ha_trimer_affinity/predictions/texas_h5_ngc_ha_trimer_affinity/affinity_texas_h5_ngc_ha_trimer_affinity.json,
california_h5_a23_ha_trimer_affinity,california_h5,A/cattle/CA/24-036570-001-original/2024(H5N1),H5,a23,alpha2-3 SIA glycan,smiles,HA trimer + 1 affinity ligand,3,1,495,1485,ha_trimer_1lig_aff_s80_n3_p1_r5_as200_an5,80,3,1,5,200,5,,oom,1235,1242,flu_trimer_single_ligand_affinity/runs/ha_trimer_1lig_aff_s80_n3_p1_r5_as200_an5/california_h5_a23_ha_trimer_affinity/boltz_results_california_h5_a23_ha_trimer_affinity/msa/california_h5_a23_ha_trimer_affinity_0.csv,,,,,,,,,,,,,,,,,,,
california_h5_a26_ha_trimer_affinity,california_h5,A/cattle/CA/24-036570-001-original/2024(H5N1),H5,a26,alpha2-6 SIA glycan,smiles,HA trimer + 1 affinity ligand,3,1,495,1485,ha_trimer_1lig_aff_s80_n3_p1_r5_as200_an5,80,3,1,5,200,5,,failed,1235,1242,flu_trimer_single_ligand_affinity/runs/ha_trimer_1lig_aff_s80_n3_p1_r5_as200_an5/california_h5_a26_ha_trimer_affinity/boltz_results_california_h5_a26_ha_trimer_affinity/msa/california_h5_a26_ha_trimer_affinity_0.csv,,,,,,,,,,,,,,,,,,,
california_h5_sia_ha_trimer_affinity,california_h5,A/cattle/CA/24-036570-001-original/2024(H5N1),H5,sia,SIA,ccd,HA trimer + 1 affinity ligand,3,1,495,1485,ha_trimer_1lig_aff_s80_n3_p1_r5_as200_an5,80,3,1,5,200,5,0,ok,1235,1242,flu_trimer_single_ligand_affinity/runs/ha_trimer_1lig_aff_s80_n3_p1_r5_as200_an5/california_h5_sia_ha_trimer_affinity/boltz_results_california_h5_sia_ha_trimer_affinity/msa/california_h5_sia_ha_trimer_affinity_0.csv,0.9104647040367126,0.9197258949279785,0.8837460279464722,0.8734197020530701,0.947265088558197,0.874785840511322,0.9113097786903381,0.5504355430603027,1.6954495906829834,0.3421646058559418,0.7515268325805664,1.352023959159851,0.8725095391273499,-0.6676947474479675,0.6305440664291382,flu_trimer_single_ligand_affinity/runs/ha_trimer_1lig_aff_s80_n3_p1_r5_as200_an5/california_h5_sia_ha_trimer_affinity/boltz_results_california_h5_sia_ha_trimer_affinity/predictions/california_h5_sia_ha_trimer_affinity/california_h5_sia_ha_trimer_affinity_model_0.cif,flu_trimer_single_ligand_affinity/runs/ha_trimer_1lig_aff_s80_n3_p1_r5_as200_an5/california_h5_sia_ha_trimer_affinity/boltz_results_california_h5_sia_ha_trimer_affinity/predictions/california_h5_sia_ha_trimer_affinity/confidence_california_h5_sia_ha_trimer_affinity_model_0.json,flu_trimer_single_ligand_affinity/runs/ha_trimer_1lig_aff_s80_n3_p1_r5_as200_an5/california_h5_sia_ha_trimer_affinity/boltz_results_california_h5_sia_ha_trimer_affinity/predictions/california_h5_sia_ha_trimer_affinity/affinity_california_h5_sia_ha_trimer_affinity.json,
california_h5_sia_ha_trimer_affinity,california_h5,A/cattle/CA/24-036570-001-original/2024(H5N1),H5,sia,SIA,ccd,HA trimer + 1 affinity ligand,3,1,495,1485,ha_trimer_1lig_aff_s80_n3_p1_r5_as200_an5,80,3,1,5,200,5,1,ok,1235,1242,flu_trimer_single_ligand_affinity/runs/ha_trimer_1lig_aff_s80_n3_p1_r5_as200_an5/california_h5_sia_ha_trimer_affinity/boltz_results_california_h5_sia_ha_trimer_affinity/msa/california_h5_sia_ha_trimer_affinity_0.csv,0.9099633097648621,0.9189160466194153,0.8845762610435486,0.8741524815559387,0.9477170705795288,0.8755970597267151,0.9091824293136597,0.5396944880485535,1.6246864795684814,0.3421646058559418,0.7515268325805664,1.352023959159851,0.8725095391273499,-0.6676947474479675,0.6305440664291382,flu_trimer_single_ligand_affinity/runs/ha_trimer_1lig_aff_s80_n3_p1_r5_as200_an5/california_h5_sia_ha_trimer_affinity/boltz_results_california_h5_sia_ha_trimer_affinity/predictions/california_h5_sia_ha_trimer_affinity/california_h5_sia_ha_trimer_affinity_model_1.cif,flu_trimer_single_ligand_affinity/runs/ha_trimer_1lig_aff_s80_n3_p1_r5_as200_an5/california_h5_sia_ha_trimer_affinity/boltz_results_california_h5_sia_ha_trimer_affinity/predictions/california_h5_sia_ha_trimer_affinity/confidence_california_h5_sia_ha_trimer_affinity_model_1.json,flu_trimer_single_ligand_affinity/runs/ha_trimer_1lig_aff_s80_n3_p1_r5_as200_an5/california_h5_sia_ha_trimer_affinity/boltz_results_california_h5_sia_ha_trimer_affinity/predictions/california_h5_sia_ha_trimer_affinity/affinity_california_h5_sia_ha_trimer_affinity.json,
california_h5_sia_ha_trimer_affinity,california_h5,A/cattle/CA/24-036570-001-original/2024(H5N1),H5,sia,SIA,ccd,HA trimer + 1 affinity ligand,3,1,495,1485,ha_trimer_1lig_aff_s80_n3_p1_r5_as200_an5,80,3,1,5,200,5,2,ok,1235,1242,flu_trimer_single_ligand_affinity/runs/ha_trimer_1lig_aff_s80_n3_p1_r5_as200_an5/california_h5_sia_ha_trimer_affinity/boltz_results_california_h5_sia_ha_trimer_affinity/msa/california_h5_sia_ha_trimer_affinity_0.csv,0.9062323570251465,0.916492223739624,0.875832200050354,0.8651929497718811,0.948049008846283,0.8666956424713135,0.9082146883010864,0.5538299679756165,1.6706695556640625,0.3421646058559418,0.7515268325805664,1.352023959159851,0.8725095391273499,-0.6676947474479675,0.6305440664291382,flu_trimer_single_ligand_affinity/runs/ha_trimer_1lig_aff_s80_n3_p1_r5_as200_an5/california_h5_sia_ha_trimer_affinity/boltz_results_california_h5_sia_ha_trimer_affinity/predictions/california_h5_sia_ha_trimer_affinity/california_h5_sia_ha_trimer_affinity_model_2.cif,flu_trimer_single_ligand_affinity/runs/ha_trimer_1lig_aff_s80_n3_p1_r5_as200_an5/california_h5_sia_ha_trimer_affinity/boltz_results_california_h5_sia_ha_trimer_affinity/predictions/california_h5_sia_ha_trimer_affinity/confidence_california_h5_sia_ha_trimer_affinity_model_2.json,flu_trimer_single_ligand_affinity/runs/ha_trimer_1lig_aff_s80_n3_p1_r5_as200_an5/california_h5_sia_ha_trimer_affinity/boltz_results_california_h5_sia_ha_trimer_affinity/predictions/california_h5_sia_ha_trimer_affinity/affinity_california_h5_sia_ha_trimer_affinity.json,
california_h5_ngc_ha_trimer_affinity,california_h5,A/cattle/CA/24-036570-001-original/2024(H5N1),H5,ngc,NGC,ccd,HA trimer + 1 affinity ligand,3,1,495,1485,ha_trimer_1lig_aff_s80_n3_p1_r5_as200_an5,80,3,1,5,200,5,0,ok,1235,1242,flu_trimer_single_ligand_affinity/runs/ha_trimer_1lig_aff_s80_n3_p1_r5_as200_an5/california_h5_ngc_ha_trimer_affinity/boltz_results_california_h5_ngc_ha_trimer_affinity/msa/california_h5_ngc_ha_trimer_affinity_0.csv,0.916843056678772,0.9251536726951599,0.8933799862861633,0.883600652217865,0.8995881676673889,0.8859044909477234,0.9164793491363525,0.5409287810325623,1.9614005088806152,1.1240904331207275,0.5788519382476807,2.55477237701416,0.646760880947113,-0.3065914809703827,0.5109429359436035,flu_trimer_single_ligand_affinity/runs/ha_trimer_1lig_aff_s80_n3_p1_r5_as200_an5/california_h5_ngc_ha_trimer_affinity/boltz_results_california_h5_ngc_ha_trimer_affinity/predictions/california_h5_ngc_ha_trimer_affinity/california_h5_ngc_ha_trimer_affinity_model_0.cif,flu_trimer_single_ligand_affinity/runs/ha_trimer_1lig_aff_s80_n3_p1_r5_as200_an5/california_h5_ngc_ha_trimer_affinity/boltz_results_california_h5_ngc_ha_trimer_affinity/predictions/california_h5_ngc_ha_trimer_affinity/confidence_california_h5_ngc_ha_trimer_affinity_model_0.json,flu_trimer_single_ligand_affinity/runs/ha_trimer_1lig_aff_s80_n3_p1_r5_as200_an5/california_h5_ngc_ha_trimer_affinity/boltz_results_california_h5_ngc_ha_trimer_affinity/predictions/california_h5_ngc_ha_trimer_affinity/affinity_california_h5_ngc_ha_trimer_affinity.json,
california_h5_ngc_ha_trimer_affinity,california_h5,A/cattle/CA/24-036570-001-original/2024(H5N1),H5,ngc,NGC,ccd,HA trimer + 1 affinity ligand,3,1,495,1485,ha_trimer_1lig_aff_s80_n3_p1_r5_as200_an5,80,3,1,5,200,5,1,ok,1235,1242,flu_trimer_single_ligand_affinity/runs/ha_trimer_1lig_aff_s80_n3_p1_r5_as200_an5/california_h5_ngc_ha_trimer_affinity/boltz_results_california_h5_ngc_ha_trimer_affinity/msa/california_h5_ngc_ha_trimer_affinity_0.csv,0.9148176312446594,0.9233362078666687,0.8904041051864624,0.8807434439659119,0.9056739211082458,0.8829750418663025,0.9143071174621582,0.5528585910797119,1.9135472774505615,1.1240904331207275,0.5788519382476807,2.55477237701416,0.646760880947113,-0.3065914809703827,0.5109429359436035,flu_trimer_single_ligand_affinity/runs/ha_trimer_1lig_aff_s80_n3_p1_r5_as200_an5/california_h5_ngc_ha_trimer_affinity/boltz_results_california_h5_ngc_ha_trimer_affinity/predictions/california_h5_ngc_ha_trimer_affinity/california_h5_ngc_ha_trimer_affinity_model_1.cif,flu_trimer_single_ligand_affinity/runs/ha_trimer_1lig_aff_s80_n3_p1_r5_as200_an5/california_h5_ngc_ha_trimer_affinity/boltz_results_california_h5_ngc_ha_trimer_affinity/predictions/california_h5_ngc_ha_trimer_affinity/confidence_california_h5_ngc_ha_trimer_affinity_model_1.json,flu_trimer_single_ligand_affinity/runs/ha_trimer_1lig_aff_s80_n3_p1_r5_as200_an5/california_h5_ngc_ha_trimer_affinity/boltz_results_california_h5_ngc_ha_trimer_affinity/predictions/california_h5_ngc_ha_trimer_affinity/affinity_california_h5_ngc_ha_trimer_affinity.json,
california_h5_ngc_ha_trimer_affinity,california_h5,A/cattle/CA/24-036570-001-original/2024(H5N1),H5,ngc,NGC,ccd,HA trimer + 1 affinity ligand,3,1,495,1485,ha_trimer_1lig_aff_s80_n3_p1_r5_as200_an5,80,3,1,5,200,5,2,ok,1235,1242,flu_trimer_single_ligand_affinity/runs/ha_trimer_1lig_aff_s80_n3_p1_r5_as200_an5/california_h5_ngc_ha_trimer_affinity/boltz_results_california_h5_ngc_ha_trimer_affinity/msa/california_h5_ngc_ha_trimer_affinity_0.csv,0.9138979315757751,0.9232335686683655,0.8867655396461487,0.876555323600769,0.9048029780387878,0.8788303732872009,0.912437379360199,0.5479826927185059,1.9462302923202515,1.1240904331207275,0.5788519382476807,2.55477237701416,0.646760880947113,-0.3065914809703827,0.5109429359436035,flu_trimer_single_ligand_affinity/runs/ha_trimer_1lig_aff_s80_n3_p1_r5_as200_an5/california_h5_ngc_ha_trimer_affinity/boltz_results_california_h5_ngc_ha_trimer_affinity/predictions/california_h5_ngc_ha_trimer_affinity/california_h5_ngc_ha_trimer_affinity_model_2.cif,flu_trimer_single_ligand_affinity/runs/ha_trimer_1lig_aff_s80_n3_p1_r5_as200_an5/california_h5_ngc_ha_trimer_affinity/boltz_results_california_h5_ngc_ha_trimer_affinity/predictions/california_h5_ngc_ha_trimer_affinity/confidence_california_h5_ngc_ha_trimer_affinity_model_2.json,flu_trimer_single_ligand_affinity/runs/ha_trimer_1lig_aff_s80_n3_p1_r5_as200_an5/california_h5_ngc_ha_trimer_affinity/boltz_results_california_h5_ngc_ha_trimer_affinity/predictions/california_h5_ngc_ha_trimer_affinity/affinity_california_h5_ngc_ha_trimer_affinity.json,
