job_id,protein,protein_label,protein_group,ligand,ligand_label,ligand_field,assembly,ha_chains,ligand_copies,monomer_length,total_polymer_residues,config,sampling_steps,diffusion_samples,max_parallel_samples,recycling_steps,sample_rank,status,msa_depth,msa_raw_depth,msa_csv,confidence_score,complex_plddt,ptm,iptm,ligand_iptm,protein_iptm,complex_iplddt,complex_pde,complex_ipde,structure_path,confidence_json,note
duck_bavaria_h1_a23_ha_trimer_3lig,duck_bavaria_h1,A/duck/Bavaria/1/77,H1,a23,alpha2-3 SIA glycan,smiles,HA trimer + 3 ligands,3,3,502,1506,ha_trimer_3lig_s40_n1_p1_r3,40,1,1,3,0,ok,1227,1234,flu_trimer_ligand_experiments/runs/ha_trimer_3lig_s40_n1_p1_r3/duck_bavaria_h1_a23_ha_trimer_3lig/boltz_results_duck_bavaria_h1_a23_ha_trimer_3lig/msa/duck_bavaria_h1_a23_ha_trimer_3lig_0.csv,0.9078467488288879,0.9088320136070251,0.91358482837677,0.9039056301116943,0.8759448528289795,0.9179976582527161,0.8731759786605835,0.6150222420692444,2.537917375564575,flu_trimer_ligand_experiments/runs/ha_trimer_3lig_s40_n1_p1_r3/duck_bavaria_h1_a23_ha_trimer_3lig/boltz_results_duck_bavaria_h1_a23_ha_trimer_3lig/predictions/duck_bavaria_h1_a23_ha_trimer_3lig/duck_bavaria_h1_a23_ha_trimer_3lig_model_0.cif,flu_trimer_ligand_experiments/runs/ha_trimer_3lig_s40_n1_p1_r3/duck_bavaria_h1_a23_ha_trimer_3lig/boltz_results_duck_bavaria_h1_a23_ha_trimer_3lig/predictions/duck_bavaria_h1_a23_ha_trimer_3lig/confidence_duck_bavaria_h1_a23_ha_trimer_3lig_model_0.json,Boltz affinity head is not run because it rejects multi-copy affinity ligands.
duck_bavaria_h1_a26_ha_trimer_3lig,duck_bavaria_h1,A/duck/Bavaria/1/77,H1,a26,alpha2-6 SIA glycan,smiles,HA trimer + 3 ligands,3,3,502,1506,ha_trimer_3lig_s40_n1_p1_r3,40,1,1,3,0,ok,1227,1234,flu_trimer_ligand_experiments/runs/ha_trimer_3lig_s40_n1_p1_r3/duck_bavaria_h1_a26_ha_trimer_3lig/boltz_results_duck_bavaria_h1_a26_ha_trimer_3lig/msa/duck_bavaria_h1_a26_ha_trimer_3lig_0.csv,0.898664653301239,0.9041146636009216,0.8889480233192444,0.8768647313117981,0.8389371037483215,0.8943411111831665,0.8639581203460693,0.7027726173400879,2.774001359939575,flu_trimer_ligand_experiments/runs/ha_trimer_3lig_s40_n1_p1_r3/duck_bavaria_h1_a26_ha_trimer_3lig/boltz_results_duck_bavaria_h1_a26_ha_trimer_3lig/predictions/duck_bavaria_h1_a26_ha_trimer_3lig/duck_bavaria_h1_a26_ha_trimer_3lig_model_0.cif,flu_trimer_ligand_experiments/runs/ha_trimer_3lig_s40_n1_p1_r3/duck_bavaria_h1_a26_ha_trimer_3lig/boltz_results_duck_bavaria_h1_a26_ha_trimer_3lig/predictions/duck_bavaria_h1_a26_ha_trimer_3lig/confidence_duck_bavaria_h1_a26_ha_trimer_3lig_model_0.json,Boltz affinity head is not run because it rejects multi-copy affinity ligands.
duck_bavaria_h1_sia_ha_trimer_3lig,duck_bavaria_h1,A/duck/Bavaria/1/77,H1,sia,SIA,ccd,HA trimer + 3 ligands,3,3,502,1506,ha_trimer_3lig_s40_n1_p1_r3,40,1,1,3,0,ok,1227,1234,flu_trimer_ligand_experiments/runs/ha_trimer_3lig_s40_n1_p1_r3/duck_bavaria_h1_sia_ha_trimer_3lig/boltz_results_duck_bavaria_h1_sia_ha_trimer_3lig/msa/duck_bavaria_h1_sia_ha_trimer_3lig_0.csv,0.9092548489570618,0.9158250093460083,0.8909909725189209,0.8829742074012756,0.8984479308128357,0.8876649141311646,0.9059871435165405,0.5897963643074036,1.9313015937805176,flu_trimer_ligand_experiments/runs/ha_trimer_3lig_s40_n1_p1_r3/duck_bavaria_h1_sia_ha_trimer_3lig/boltz_results_duck_bavaria_h1_sia_ha_trimer_3lig/predictions/duck_bavaria_h1_sia_ha_trimer_3lig/duck_bavaria_h1_sia_ha_trimer_3lig_model_0.cif,flu_trimer_ligand_experiments/runs/ha_trimer_3lig_s40_n1_p1_r3/duck_bavaria_h1_sia_ha_trimer_3lig/boltz_results_duck_bavaria_h1_sia_ha_trimer_3lig/predictions/duck_bavaria_h1_sia_ha_trimer_3lig/confidence_duck_bavaria_h1_sia_ha_trimer_3lig_model_0.json,Boltz affinity head is not run because it rejects multi-copy affinity ligands.
duck_bavaria_h1_ngc_ha_trimer_3lig,duck_bavaria_h1,A/duck/Bavaria/1/77,H1,ngc,NGC,ccd,HA trimer + 3 ligands,3,3,502,1506,ha_trimer_3lig_s40_n1_p1_r3,40,1,1,3,0,ok,1227,1234,flu_trimer_ligand_experiments/runs/ha_trimer_3lig_s40_n1_p1_r3/duck_bavaria_h1_ngc_ha_trimer_3lig/boltz_results_duck_bavaria_h1_ngc_ha_trimer_3lig/msa/duck_bavaria_h1_ngc_ha_trimer_3lig_0.csv,0.914606511592865,0.9197503924369812,0.9027287364006042,0.8940309882164001,0.8735272884368896,0.9004308581352234,0.9088150858879089,0.596746563911438,2.3198719024658203,flu_trimer_ligand_experiments/runs/ha_trimer_3lig_s40_n1_p1_r3/duck_bavaria_h1_ngc_ha_trimer_3lig/boltz_results_duck_bavaria_h1_ngc_ha_trimer_3lig/predictions/duck_bavaria_h1_ngc_ha_trimer_3lig/duck_bavaria_h1_ngc_ha_trimer_3lig_model_0.cif,flu_trimer_ligand_experiments/runs/ha_trimer_3lig_s40_n1_p1_r3/duck_bavaria_h1_ngc_ha_trimer_3lig/boltz_results_duck_bavaria_h1_ngc_ha_trimer_3lig/predictions/duck_bavaria_h1_ngc_ha_trimer_3lig/confidence_duck_bavaria_h1_ngc_ha_trimer_3lig_model_0.json,Boltz affinity head is not run because it rejects multi-copy affinity ligands.
memphis_h1_a23_ha_trimer_3lig,memphis_h1,A/Memphis/7/1980,H1,a23,alpha2-3 SIA glycan,smiles,HA trimer + 3 ligands,3,3,502,1506,ha_trimer_3lig_s40_n1_p1_r3,40,1,1,3,0,ok,1224,1231,flu_trimer_ligand_experiments/runs/ha_trimer_3lig_s40_n1_p1_r3/memphis_h1_a23_ha_trimer_3lig/boltz_results_memphis_h1_a23_ha_trimer_3lig/msa/memphis_h1_a23_ha_trimer_3lig_0.csv,0.9064909219741821,0.9148730635643005,0.8846522569656372,0.8729624152183533,0.8293599486351013,0.8885259628295898,0.8865885138511658,0.7446752786636353,3.29463529586792,flu_trimer_ligand_experiments/runs/ha_trimer_3lig_s40_n1_p1_r3/memphis_h1_a23_ha_trimer_3lig/boltz_results_memphis_h1_a23_ha_trimer_3lig/predictions/memphis_h1_a23_ha_trimer_3lig/memphis_h1_a23_ha_trimer_3lig_model_0.cif,flu_trimer_ligand_experiments/runs/ha_trimer_3lig_s40_n1_p1_r3/memphis_h1_a23_ha_trimer_3lig/boltz_results_memphis_h1_a23_ha_trimer_3lig/predictions/memphis_h1_a23_ha_trimer_3lig/confidence_memphis_h1_a23_ha_trimer_3lig_model_0.json,Boltz affinity head is not run because it rejects multi-copy affinity ligands.
memphis_h1_a26_ha_trimer_3lig,memphis_h1,A/Memphis/7/1980,H1,a26,alpha2-6 SIA glycan,smiles,HA trimer + 3 ligands,3,3,502,1506,ha_trimer_3lig_s40_n1_p1_r3,40,1,1,3,0,ok,1224,1231,flu_trimer_ligand_experiments/runs/ha_trimer_3lig_s40_n1_p1_r3/memphis_h1_a26_ha_trimer_3lig/boltz_results_memphis_h1_a26_ha_trimer_3lig/msa/memphis_h1_a26_ha_trimer_3lig_0.csv,0.9028517007827759,0.9089012145996094,0.88936448097229,0.8786532878875732,0.8192081451416016,0.8964672088623047,0.8635399341583252,0.763957679271698,3.2519919872283936,flu_trimer_ligand_experiments/runs/ha_trimer_3lig_s40_n1_p1_r3/memphis_h1_a26_ha_trimer_3lig/boltz_results_memphis_h1_a26_ha_trimer_3lig/predictions/memphis_h1_a26_ha_trimer_3lig/memphis_h1_a26_ha_trimer_3lig_model_0.cif,flu_trimer_ligand_experiments/runs/ha_trimer_3lig_s40_n1_p1_r3/memphis_h1_a26_ha_trimer_3lig/boltz_results_memphis_h1_a26_ha_trimer_3lig/predictions/memphis_h1_a26_ha_trimer_3lig/confidence_memphis_h1_a26_ha_trimer_3lig_model_0.json,Boltz affinity head is not run because it rejects multi-copy affinity ligands.
memphis_h1_sia_ha_trimer_3lig,memphis_h1,A/Memphis/7/1980,H1,sia,SIA,ccd,HA trimer + 3 ligands,3,3,502,1506,ha_trimer_3lig_s40_n1_p1_r3,40,1,1,3,0,ok,1224,1231,flu_trimer_ligand_experiments/runs/ha_trimer_3lig_s40_n1_p1_r3/memphis_h1_sia_ha_trimer_3lig/boltz_results_memphis_h1_sia_ha_trimer_3lig/msa/memphis_h1_sia_ha_trimer_3lig_0.csv,0.9189481139183044,0.9247427582740784,0.9034567475318909,0.8957694172859192,0.8632187247276306,0.9017395377159119,0.9155665636062622,0.5524309873580933,2.145184278488159,flu_trimer_ligand_experiments/runs/ha_trimer_3lig_s40_n1_p1_r3/memphis_h1_sia_ha_trimer_3lig/boltz_results_memphis_h1_sia_ha_trimer_3lig/predictions/memphis_h1_sia_ha_trimer_3lig/memphis_h1_sia_ha_trimer_3lig_model_0.cif,flu_trimer_ligand_experiments/runs/ha_trimer_3lig_s40_n1_p1_r3/memphis_h1_sia_ha_trimer_3lig/boltz_results_memphis_h1_sia_ha_trimer_3lig/predictions/memphis_h1_sia_ha_trimer_3lig/confidence_memphis_h1_sia_ha_trimer_3lig_model_0.json,Boltz affinity head is not run because it rejects multi-copy affinity ligands.
memphis_h1_ngc_ha_trimer_3lig,memphis_h1,A/Memphis/7/1980,H1,ngc,NGC,ccd,HA trimer + 3 ligands,3,3,502,1506,ha_trimer_3lig_s40_n1_p1_r3,40,1,1,3,0,ok,1224,1231,flu_trimer_ligand_experiments/runs/ha_trimer_3lig_s40_n1_p1_r3/memphis_h1_ngc_ha_trimer_3lig/boltz_results_memphis_h1_ngc_ha_trimer_3lig/msa/memphis_h1_ngc_ha_trimer_3lig_0.csv,0.9161124229431152,0.9231792688369751,0.8966095447540283,0.8878450989723206,0.8352262377738953,0.8951479196548462,0.9116348624229431,0.6349393129348755,2.772562026977539,flu_trimer_ligand_experiments/runs/ha_trimer_3lig_s40_n1_p1_r3/memphis_h1_ngc_ha_trimer_3lig/boltz_results_memphis_h1_ngc_ha_trimer_3lig/predictions/memphis_h1_ngc_ha_trimer_3lig/memphis_h1_ngc_ha_trimer_3lig_model_0.cif,flu_trimer_ligand_experiments/runs/ha_trimer_3lig_s40_n1_p1_r3/memphis_h1_ngc_ha_trimer_3lig/boltz_results_memphis_h1_ngc_ha_trimer_3lig/predictions/memphis_h1_ngc_ha_trimer_3lig/confidence_memphis_h1_ngc_ha_trimer_3lig_model_0.json,Boltz affinity head is not run because it rejects multi-copy affinity ligands.
texas_h5_a23_ha_trimer_3lig,texas_h5,A/dairy_cow/Texas/24_009108-001/2024,H5,a23,alpha2-3 SIA glycan,smiles,HA trimer + 3 ligands,3,3,495,1485,ha_trimer_3lig_s40_n1_p1_r3,40,1,1,3,0,ok,1237,1244,flu_trimer_ligand_experiments/runs/ha_trimer_3lig_s40_n1_p1_r3/texas_h5_a23_ha_trimer_3lig/boltz_results_texas_h5_a23_ha_trimer_3lig/msa/texas_h5_a23_ha_trimer_3lig_0.csv,0.9014955759048462,0.909717321395874,0.882265567779541,0.8686085343360901,0.824130654335022,0.88929283618927,0.8725864291191101,0.7668058276176453,3.427309274673462,flu_trimer_ligand_experiments/runs/ha_trimer_3lig_s40_n1_p1_r3/texas_h5_a23_ha_trimer_3lig/boltz_results_texas_h5_a23_ha_trimer_3lig/predictions/texas_h5_a23_ha_trimer_3lig/texas_h5_a23_ha_trimer_3lig_model_0.cif,flu_trimer_ligand_experiments/runs/ha_trimer_3lig_s40_n1_p1_r3/texas_h5_a23_ha_trimer_3lig/boltz_results_texas_h5_a23_ha_trimer_3lig/predictions/texas_h5_a23_ha_trimer_3lig/confidence_texas_h5_a23_ha_trimer_3lig_model_0.json,Boltz affinity head is not run because it rejects multi-copy affinity ligands.
texas_h5_a26_ha_trimer_3lig,texas_h5,A/dairy_cow/Texas/24_009108-001/2024,H5,a26,alpha2-6 SIA glycan,smiles,HA trimer + 3 ligands,3,3,495,1485,ha_trimer_3lig_s40_n1_p1_r3,40,1,1,3,0,ok,1237,1244,flu_trimer_ligand_experiments/runs/ha_trimer_3lig_s40_n1_p1_r3/texas_h5_a26_ha_trimer_3lig/boltz_results_texas_h5_a26_ha_trimer_3lig/msa/texas_h5_a26_ha_trimer_3lig_0.csv,0.9015321731567383,0.9105190634727478,0.8790037035942078,0.8655847907066345,0.8484289646148682,0.8843022584915161,0.875788688659668,0.7034541368484497,2.5911784172058105,flu_trimer_ligand_experiments/runs/ha_trimer_3lig_s40_n1_p1_r3/texas_h5_a26_ha_trimer_3lig/boltz_results_texas_h5_a26_ha_trimer_3lig/predictions/texas_h5_a26_ha_trimer_3lig/texas_h5_a26_ha_trimer_3lig_model_0.cif,flu_trimer_ligand_experiments/runs/ha_trimer_3lig_s40_n1_p1_r3/texas_h5_a26_ha_trimer_3lig/boltz_results_texas_h5_a26_ha_trimer_3lig/predictions/texas_h5_a26_ha_trimer_3lig/confidence_texas_h5_a26_ha_trimer_3lig_model_0.json,Boltz affinity head is not run because it rejects multi-copy affinity ligands.
texas_h5_sia_ha_trimer_3lig,texas_h5,A/dairy_cow/Texas/24_009108-001/2024,H5,sia,SIA,ccd,HA trimer + 3 ligands,3,3,495,1485,ha_trimer_3lig_s40_n1_p1_r3,40,1,1,3,0,ok,1237,1244,flu_trimer_ligand_experiments/runs/ha_trimer_3lig_s40_n1_p1_r3/texas_h5_sia_ha_trimer_3lig/boltz_results_texas_h5_sia_ha_trimer_3lig/msa/texas_h5_sia_ha_trimer_3lig_0.csv,0.915108323097229,0.9206019639968872,0.9014132618904114,0.8931334018707275,0.9258788228034973,0.8978850841522217,0.9173835515975952,0.5320678949356079,1.3805805444717407,flu_trimer_ligand_experiments/runs/ha_trimer_3lig_s40_n1_p1_r3/texas_h5_sia_ha_trimer_3lig/boltz_results_texas_h5_sia_ha_trimer_3lig/predictions/texas_h5_sia_ha_trimer_3lig/texas_h5_sia_ha_trimer_3lig_model_0.cif,flu_trimer_ligand_experiments/runs/ha_trimer_3lig_s40_n1_p1_r3/texas_h5_sia_ha_trimer_3lig/boltz_results_texas_h5_sia_ha_trimer_3lig/predictions/texas_h5_sia_ha_trimer_3lig/confidence_texas_h5_sia_ha_trimer_3lig_model_0.json,Boltz affinity head is not run because it rejects multi-copy affinity ligands.
texas_h5_ngc_ha_trimer_3lig,texas_h5,A/dairy_cow/Texas/24_009108-001/2024,H5,ngc,NGC,ccd,HA trimer + 3 ligands,3,3,495,1485,ha_trimer_3lig_s40_n1_p1_r3,40,1,1,3,0,ok,1237,1244,flu_trimer_ligand_experiments/runs/ha_trimer_3lig_s40_n1_p1_r3/texas_h5_ngc_ha_trimer_3lig/boltz_results_texas_h5_ngc_ha_trimer_3lig/msa/texas_h5_ngc_ha_trimer_3lig_0.csv,0.9152604341506958,0.9215917587280273,0.8989918828010559,0.8899351358413696,0.905602216720581,0.8957933187484741,0.9187831282615662,0.5590782761573792,1.760722041130066,flu_trimer_ligand_experiments/runs/ha_trimer_3lig_s40_n1_p1_r3/texas_h5_ngc_ha_trimer_3lig/boltz_results_texas_h5_ngc_ha_trimer_3lig/predictions/texas_h5_ngc_ha_trimer_3lig/texas_h5_ngc_ha_trimer_3lig_model_0.cif,flu_trimer_ligand_experiments/runs/ha_trimer_3lig_s40_n1_p1_r3/texas_h5_ngc_ha_trimer_3lig/boltz_results_texas_h5_ngc_ha_trimer_3lig/predictions/texas_h5_ngc_ha_trimer_3lig/confidence_texas_h5_ngc_ha_trimer_3lig_model_0.json,Boltz affinity head is not run because it rejects multi-copy affinity ligands.
california_h5_a23_ha_trimer_3lig,california_h5,A/cattle/CA/24-036570-001-original/2024(H5N1),H5,a23,alpha2-3 SIA glycan,smiles,HA trimer + 3 ligands,3,3,495,1485,ha_trimer_3lig_s40_n1_p1_r3,40,1,1,3,0,ok,1235,1242,flu_trimer_ligand_experiments/runs/ha_trimer_3lig_s40_n1_p1_r3/california_h5_a23_ha_trimer_3lig/boltz_results_california_h5_a23_ha_trimer_3lig/msa/california_h5_a23_ha_trimer_3lig_0.csv,0.8949359059333801,0.9051951169967651,0.869021475315094,0.853898823261261,0.8143168687820435,0.8756752610206604,0.8677375316619873,0.8032522201538086,3.6462361812591553,flu_trimer_ligand_experiments/runs/ha_trimer_3lig_s40_n1_p1_r3/california_h5_a23_ha_trimer_3lig/boltz_results_california_h5_a23_ha_trimer_3lig/predictions/california_h5_a23_ha_trimer_3lig/california_h5_a23_ha_trimer_3lig_model_0.cif,flu_trimer_ligand_experiments/runs/ha_trimer_3lig_s40_n1_p1_r3/california_h5_a23_ha_trimer_3lig/boltz_results_california_h5_a23_ha_trimer_3lig/predictions/california_h5_a23_ha_trimer_3lig/confidence_california_h5_a23_ha_trimer_3lig_model_0.json,Boltz affinity head is not run because it rejects multi-copy affinity ligands.
california_h5_a26_ha_trimer_3lig,california_h5,A/cattle/CA/24-036570-001-original/2024(H5N1),H5,a26,alpha2-6 SIA glycan,smiles,HA trimer + 3 ligands,3,3,495,1485,ha_trimer_3lig_s40_n1_p1_r3,40,1,1,3,0,ok,1235,1242,flu_trimer_ligand_experiments/runs/ha_trimer_3lig_s40_n1_p1_r3/california_h5_a26_ha_trimer_3lig/boltz_results_california_h5_a26_ha_trimer_3lig/msa/california_h5_a26_ha_trimer_3lig_0.csv,0.9008297324180603,0.9102429151535034,0.8769501447677612,0.8631765842437744,0.8524109721183777,0.8817237019538879,0.8753756284713745,0.6911184787750244,2.5344505310058594,flu_trimer_ligand_experiments/runs/ha_trimer_3lig_s40_n1_p1_r3/california_h5_a26_ha_trimer_3lig/boltz_results_california_h5_a26_ha_trimer_3lig/predictions/california_h5_a26_ha_trimer_3lig/california_h5_a26_ha_trimer_3lig_model_0.cif,flu_trimer_ligand_experiments/runs/ha_trimer_3lig_s40_n1_p1_r3/california_h5_a26_ha_trimer_3lig/boltz_results_california_h5_a26_ha_trimer_3lig/predictions/california_h5_a26_ha_trimer_3lig/confidence_california_h5_a26_ha_trimer_3lig_model_0.json,Boltz affinity head is not run because it rejects multi-copy affinity ligands.
california_h5_sia_ha_trimer_3lig,california_h5,A/cattle/CA/24-036570-001-original/2024(H5N1),H5,sia,SIA,ccd,HA trimer + 3 ligands,3,3,495,1485,ha_trimer_3lig_s40_n1_p1_r3,40,1,1,3,0,ok,1235,1242,flu_trimer_ligand_experiments/runs/ha_trimer_3lig_s40_n1_p1_r3/california_h5_sia_ha_trimer_3lig/boltz_results_california_h5_sia_ha_trimer_3lig/msa/california_h5_sia_ha_trimer_3lig_0.csv,0.9093711972236633,0.9191767573356628,0.8802034258842468,0.8701488971710205,0.9246423244476318,0.8749039173126221,0.9195521473884583,0.5687457919120789,1.5084686279296875,flu_trimer_ligand_experiments/runs/ha_trimer_3lig_s40_n1_p1_r3/california_h5_sia_ha_trimer_3lig/boltz_results_california_h5_sia_ha_trimer_3lig/predictions/california_h5_sia_ha_trimer_3lig/california_h5_sia_ha_trimer_3lig_model_0.cif,flu_trimer_ligand_experiments/runs/ha_trimer_3lig_s40_n1_p1_r3/california_h5_sia_ha_trimer_3lig/boltz_results_california_h5_sia_ha_trimer_3lig/predictions/california_h5_sia_ha_trimer_3lig/confidence_california_h5_sia_ha_trimer_3lig_model_0.json,Boltz affinity head is not run because it rejects multi-copy affinity ligands.
california_h5_ngc_ha_trimer_3lig,california_h5,A/cattle/CA/24-036570-001-original/2024(H5N1),H5,ngc,NGC,ccd,HA trimer + 3 ligands,3,3,495,1485,ha_trimer_3lig_s40_n1_p1_r3,40,1,1,3,0,ok,1235,1242,flu_trimer_ligand_experiments/runs/ha_trimer_3lig_s40_n1_p1_r3/california_h5_ngc_ha_trimer_3lig/boltz_results_california_h5_ngc_ha_trimer_3lig/msa/california_h5_ngc_ha_trimer_3lig_0.csv,0.9086117744445801,0.921013355255127,0.8703223466873169,0.8590053915977478,0.8958906531333923,0.8654258847236633,0.9130004644393921,0.6374384760856628,2.0578038692474365,flu_trimer_ligand_experiments/runs/ha_trimer_3lig_s40_n1_p1_r3/california_h5_ngc_ha_trimer_3lig/boltz_results_california_h5_ngc_ha_trimer_3lig/predictions/california_h5_ngc_ha_trimer_3lig/california_h5_ngc_ha_trimer_3lig_model_0.cif,flu_trimer_ligand_experiments/runs/ha_trimer_3lig_s40_n1_p1_r3/california_h5_ngc_ha_trimer_3lig/boltz_results_california_h5_ngc_ha_trimer_3lig/predictions/california_h5_ngc_ha_trimer_3lig/confidence_california_h5_ngc_ha_trimer_3lig_model_0.json,Boltz affinity head is not run because it rejects multi-copy affinity ligands.
